year,quarter,dfa_category,dollars
1989,3,Assets,23592756000000
1989,3,Consumer credit,784206000000
1989,3,Consumer durables,1896180000000
1989,3,Corporate equities and mutual fund shares,2090443000000
1989,3,DB pension entitlements,3482331000000
1989,3,DC pension entitlements,1014022000000
1989,3,Home mortgages,2211155000000
1989,3,Liabilities,3152773000000
1989,3,Net worth,20439982000000
1989,3,Other assets,5246990000000
1989,3,Other liabilities,157412000000
1989,3,Private businesses,2969622000000
1989,3,Real estate,6893169000000
1989,4,Assets,24045495000000
1989,4,Consumer credit,809286000000
1989,4,Consumer durables,1925583000000
1989,4,Corporate equities and mutual fund shares,2152104000000
1989,4,DB pension entitlements,3567067000000
1989,4,DC pension entitlements,1056234000000
1989,4,Home mortgages,2260583000000
1989,4,Liabilities,3227543000000
1989,4,Net worth,20817953000000
1989,4,Other assets,5353364000000
1989,4,Other liabilities,157674000000
1989,4,Private businesses,2996827000000
1989,4,Real estate,6994317000000
1990,1,Assets,24158327000000
1990,1,Consumer credit,792319000000
1990,1,Consumer durables,1966984000000
1990,1,Corporate equities and mutual fund shares,2033510000000
1990,1,DB pension entitlements,3637942000000
1990,1,DC pension entitlements,1067340000000
1990,1,Home mortgages,2335399000000
1990,1,Liabilities,3290388000000
1990,1,Net worth,20867940000000
1990,1,Other assets,5423171000000
1990,1,Other liabilities,162670000000
1990,1,Private businesses,3016396000000
1990,1,Real estate,7012984000000
1990,2,Assets,24507638000000
1990,2,Consumer credit,798713000000
1990,2,Consumer durables,1992387000000
1990,2,Corporate equities and mutual fund shares,2106437000000
1990,2,DB pension entitlements,3714607000000
1990,2,DC pension entitlements,1098666000000
1990,2,Home mortgages,2395917000000
1990,2,Liabilities,3357612000000
1990,2,Net worth,21150026000000
1990,2,Other assets,5464829000000
1990,2,Other liabilities,162982000000
1990,2,Private businesses,3045549000000
1990,2,Real estate,7085162000000
1990,3,Assets,24443632000000
1990,3,Consumer credit,812302000000
1990,3,Consumer durables,2016154000000
1990,3,Corporate equities and mutual fund shares,1760993000000
1990,3,DB pension entitlements,3781241000000
1990,3,DC pension entitlements,1083067000000
1990,3,Home mortgages,2447266000000
1990,3,Liabilities,3415355000000
1990,3,Net worth,21028278000000
1990,3,Other assets,5561755000000
1990,3,Other liabilities,155787000000
1990,3,Private businesses,3077697000000
1990,3,Real estate,7162726000000
1990,4,Assets,24947180000000
1990,4,Consumer credit,824391000000
1990,4,Consumer durables,2039042000000
1990,4,Corporate equities and mutual fund shares,1972213000000
1990,4,DB pension entitlements,3851902000000
1990,4,DC pension entitlements,1129634000000
1990,4,Home mortgages,2489810000000
1990,4,Liabilities,3474803000000
1990,4,Net worth,21472376000000
1990,4,Other assets,5713762000000
1990,4,Other liabilities,160602000000
1990,4,Private businesses,3094231000000
1990,4,Real estate,7146396000000
1991,1,Assets,25444460000000
1991,1,Consumer credit,802206000000
1991,1,Consumer durables,2067784000000
1991,1,Corporate equities and mutual fund shares,2287414000000
1991,1,DB pension entitlements,3922246000000
1991,1,DC pension entitlements,1187544000000
1991,1,Home mortgages,2529692000000
1991,1,Liabilities,3495679000000
1991,1,Net worth,21948781000000
1991,1,Other assets,5749657000000
1991,1,Other liabilities,163781000000
1991,1,Private businesses,3082413000000
1991,1,Real estate,7147403000000
1991,2,Assets,25579933000000
1991,2,Consumer credit,801307000000
1991,2,Consumer durables,2083699000000
1991,2,Corporate equities and mutual fund shares,2272817000000
1991,2,DB pension entitlements,3996602000000
1991,2,DC pension entitlements,1212143000000
1991,2,Home mortgages,2590651000000
1991,2,Liabilities,3554328000000
1991,2,Net worth,22025606000000
1991,2,Other assets,5726875000000
1991,2,Other liabilities,162370000000
1991,2,Private businesses,3084987000000
1991,2,Real estate,7202811000000
1991,3,Assets,25953398000000
1991,3,Consumer credit,802500000000
1991,3,Consumer durables,2103474000000
1991,3,Corporate equities and mutual fund shares,2428753000000
1991,3,DB pension entitlements,4069731000000
1991,3,DC pension entitlements,1259075000000
1991,3,Home mortgages,2614503000000
1991,3,Liabilities,3589131000000
1991,3,Net worth,22364267000000
1991,3,Other assets,5745819000000
1991,3,Other liabilities,172128000000
1991,3,Private businesses,3076156000000
1991,3,Real estate,7270390000000
1991,4,Assets,26620775000000
1991,4,Consumer credit,815580000000
1991,4,Consumer durables,2117447000000
1991,4,Corporate equities and mutual fund shares,2857364000000
1991,4,DB pension entitlements,4144135000000
1991,4,DC pension entitlements,1316358000000
1991,4,Home mortgages,2667879000000
1991,4,Liabilities,3667229000000
1991,4,Net worth,22953546000000
1991,4,Other assets,5803394000000
1991,4,Other liabilities,183770000000
1991,4,Private businesses,3051493000000
1991,4,Real estate,7330584000000
1992,1,Assets,26650813000000
1992,1,Consumer credit,793353000000
1992,1,Consumer durables,2132204000000
1992,1,Corporate equities and mutual fund shares,2803685000000
1992,1,DB pension entitlements,4247775000000
1992,1,DC pension entitlements,1321427000000
1992,1,Home mortgages,2708277000000
1992,1,Liabilities,3683028000000
1992,1,Net worth,22967785000000
1992,1,Other assets,5714070000000
1992,1,Other liabilities,181398000000
1992,1,Private businesses,3037106000000
1992,1,Real estate,7394546000000
1992,2,Assets,26812707000000
1992,2,Consumer credit,792332000000
1992,2,Consumer durables,2153222000000
1992,2,Corporate equities and mutual fund shares,2810843000000
1992,2,DB pension entitlements,4354533000000
1992,2,DC pension entitlements,1349565000000
1992,2,Home mortgages,2741243000000
1992,2,Liabilities,3722443000000
1992,2,Net worth,23090266000000
1992,2,Other assets,5665646000000
1992,2,Other liabilities,188868000000
1992,2,Private businesses,3030846000000
1992,2,Real estate,7448054000000
1992,3,Assets,27258761000000
1992,3,Consumer credit,801933000000
1992,3,Consumer durables,2171724000000
1992,3,Corporate equities and mutual fund shares,2942577000000
1992,3,DB pension entitlements,4460481000000
1992,3,DC pension entitlements,1395142000000
1992,3,Home mortgages,2795879000000
1992,3,Liabilities,3787225000000
1992,3,Net worth,23471536000000
1992,3,Other assets,5683466000000
1992,3,Other liabilities,189413000000
1992,3,Private businesses,3041381000000
1992,3,Real estate,7563988000000
1992,4,Assets,27929873000000
1992,4,Consumer credit,824768000000
1992,4,Consumer durables,2193468000000
1992,4,Corporate equities and mutual fund shares,3312345000000
1992,4,DB pension entitlements,4572218000000
1992,4,DC pension entitlements,1448548000000
1992,4,Home mortgages,2840903000000
1992,4,Liabilities,3856576000000
1992,4,Net worth,24073297000000
1992,4,Other assets,5720815000000
1992,4,Other liabilities,190905000000
1992,4,Private businesses,3030277000000
1992,4,Real estate,7652203000000
1993,1,Assets,28255714000000
1993,1,Consumer credit,807262000000
1993,1,Consumer durables,2206615000000
1993,1,Corporate equities and mutual fund shares,3443936000000
1993,1,DB pension entitlements,4642613000000
1993,1,DC pension entitlements,1518123000000
1993,1,Home mortgages,2854703000000
1993,1,Liabilities,3862185000000
1993,1,Net worth,24393528000000
1993,1,Other assets,5706452000000
1993,1,Other liabilities,200220000000
1993,1,Private businesses,3067872000000
1993,1,Real estate,7670105000000
1993,2,Assets,28601491000000
1993,2,Consumer credit,818663000000
1993,2,Consumer durables,2236446000000
1993,2,Corporate equities and mutual fund shares,3508862000000
1993,2,DB pension entitlements,4713444000000
1993,2,DC pension entitlements,1557397000000
1993,2,Home mortgages,2908346000000
1993,2,Liabilities,3927582000000
1993,2,Net worth,24673909000000
1993,2,Other assets,5702528000000
1993,2,Other liabilities,200573000000
1993,2,Private businesses,3102727000000
1993,2,Real estate,7780087000000
1993,3,Assets,29097971000000
1993,3,Consumer credit,842668000000
1993,3,Consumer durables,2266066000000
1993,3,Corporate equities and mutual fund shares,3684956000000
1993,3,DB pension entitlements,4786729000000
1993,3,DC pension entitlements,1606201000000
1993,3,Home mortgages,2958531000000
1993,3,Liabilities,4012949000000
1993,3,Net worth,25085021000000
1993,3,Other assets,5707582000000
1993,3,Other liabilities,211750000000
1993,3,Private businesses,3150415000000
1993,3,Real estate,7896019000000
1993,4,Assets,29624583000000
1993,4,Consumer credit,886169000000
1993,4,Consumer durables,2302248000000
1993,4,Corporate equities and mutual fund shares,3860687000000
1993,4,DB pension entitlements,4855085000000
1993,4,DC pension entitlements,1634867000000
1993,4,Home mortgages,2999676000000
1993,4,Liabilities,4105512000000
1993,4,Net worth,25519071000000
1993,4,Other assets,5775810000000
1993,4,Other liabilities,219667000000
1993,4,Private businesses,3189144000000
1993,4,Real estate,8006742000000
1994,1,Assets,29785468000000
1994,1,Consumer credit,883875000000
1994,1,Consumer durables,2326157000000
1994,1,Corporate equities and mutual fund shares,3702501000000
1994,1,DB pension entitlements,4925757000000
1994,1,DC pension entitlements,1649011000000
1994,1,Home mortgages,3029954000000
1994,1,Liabilities,4136829000000
1994,1,Net worth,25648639000000
1994,1,Other assets,5853267000000
1994,1,Other liabilities,223000000000
1994,1,Private businesses,3246404000000
1994,1,Real estate,8082369000000
1994,2,Assets,30054293000000
1994,2,Consumer credit,918580000000
1994,2,Consumer durables,2359614000000
1994,2,Corporate equities and mutual fund shares,3618006000000
1994,2,DB pension entitlements,4993907000000
1994,2,DC pension entitlements,1682110000000
1994,2,Home mortgages,3075116000000
1994,2,Liabilities,4220968000000
1994,2,Net worth,25833325000000
1994,2,Other assets,5896050000000
1994,2,Other liabilities,227272000000
1994,2,Private businesses,3314144000000
1994,2,Real estate,8190463000000
1994,3,Assets,30502822000000
1994,3,Consumer credit,959954000000
1994,3,Consumer durables,2396514000000
1994,3,Corporate equities and mutual fund shares,3690768000000
1994,3,DB pension entitlements,5066256000000
1994,3,DC pension entitlements,1736994000000
1994,3,Home mortgages,3121546000000
1994,3,Liabilities,4309378000000
1994,3,Net worth,26193444000000
1994,3,Other assets,5954666000000
1994,3,Other liabilities,227878000000
1994,3,Private businesses,3363983000000
1994,3,Real estate,8293642000000
1994,4,Assets,30824731000000
1994,4,Consumer credit,1021168000000
1994,4,Consumer durables,2424137000000
1994,4,Corporate equities and mutual fund shares,3642170000000
1994,4,DB pension entitlements,5131784000000
1994,4,DC pension entitlements,1724912000000
1994,4,Home mortgages,3166443000000
1994,4,Liabilities,4428618000000
1994,4,Net worth,26396113000000
1994,4,Other assets,6127034000000
1994,4,Other liabilities,241007000000
1994,4,Private businesses,3412897000000
1994,4,Real estate,8361799000000
1995,1,Assets,31375714000000
1995,1,Consumer credit,1024546000000
1995,1,Consumer durables,2460696000000
1995,1,Corporate equities and mutual fund shares,3870834000000
1995,1,DB pension entitlements,5213069000000
1995,1,DC pension entitlements,1802745000000
1995,1,Home mortgages,3192435000000
1995,1,Liabilities,4456576000000
1995,1,Net worth,26919137000000
1995,1,Other assets,6163428000000
1995,1,Other liabilities,239595000000
1995,1,Private businesses,3449739000000
1995,1,Real estate,8415203000000
1995,2,Assets,32027496000000
1995,2,Consumer credit,1063126000000
1995,2,Consumer durables,2484333000000
1995,2,Corporate equities and mutual fund shares,4116807000000
1995,2,DB pension entitlements,5302043000000
1995,2,DC pension entitlements,1889707000000
1995,2,Home mortgages,3238836000000
1995,2,Liabilities,4546507000000
1995,2,Net worth,27480989000000
1995,2,Other assets,6235540000000
1995,2,Other liabilities,244545000000
1995,2,Private businesses,3490759000000
1995,2,Real estate,8508307000000
1995,3,Assets,32548072000000
1995,3,Consumer credit,1109599000000
1995,3,Consumer durables,2505024000000
1995,3,Corporate equities and mutual fund shares,4429375000000
1995,3,DB pension entitlements,5386349000000
1995,3,DC pension entitlements,1988773000000
1995,3,Home mortgages,3290336000000
1995,3,Liabilities,4659131000000
1995,3,Net worth,27888943000000
1995,3,Other assets,6275485000000
1995,3,Other liabilities,259196000000
1995,3,Private businesses,3549930000000
1995,3,Real estate,8413137000000
1995,4,Assets,33322316000000
1995,4,Consumer credit,1168161000000
1995,4,Consumer durables,2529307000000
1995,4,Corporate equities and mutual fund shares,4765754000000
1995,4,DB pension entitlements,5466360000000
1995,4,DC pension entitlements,2066568000000
1995,4,Home mortgages,3320508000000
1995,4,Liabilities,4752458000000
1995,4,Net worth,28569857000000
1995,4,Other assets,6408549000000
1995,4,Other liabilities,263789000000
1995,4,Private businesses,3596532000000
1995,4,Real estate,8489249000000
1996,1,Assets,33898482000000
1996,1,Consumer credit,1162207000000
1996,1,Consumer durables,2562444000000
1996,1,Corporate equities and mutual fund shares,4940593000000
1996,1,DB pension entitlements,5541155000000
1996,1,DC pension entitlements,2141900000000
1996,1,Home mortgages,3378859000000
1996,1,Liabilities,4819294000000
1996,1,Net worth,29079187000000
1996,1,Other assets,6494905000000
1996,1,Other liabilities,278228000000
1996,1,Private businesses,3626824000000
1996,1,Real estate,8590662000000
1996,2,Assets,34447963000000
1996,2,Consumer credit,1196578000000
1996,2,Consumer durables,2578816000000
1996,2,Corporate equities and mutual fund shares,5138064000000
1996,2,DB pension entitlements,5615316000000
1996,2,DC pension entitlements,2190924000000
1996,2,Home mortgages,3432207000000
1996,2,Liabilities,4915421000000
1996,2,Net worth,29532543000000
1996,2,Other assets,6555912000000
1996,2,Other liabilities,286636000000
1996,2,Private businesses,3668122000000
1996,2,Real estate,8700808000000
1996,3,Assets,34828746000000
1996,3,Consumer credit,1229847000000
1996,3,Consumer durables,2605175000000
1996,3,Corporate equities and mutual fund shares,5152506000000
1996,3,DB pension entitlements,5687770000000
1996,3,DC pension entitlements,2251293000000
1996,3,Home mortgages,3489361000000
1996,3,Liabilities,5010001000000
1996,3,Net worth,29818746000000
1996,3,Other assets,6618526000000
1996,3,Other liabilities,290793000000
1996,3,Private businesses,3705384000000
1996,3,Real estate,8808093000000
1996,4,Assets,35587030000000
1996,4,Consumer credit,1273877000000
1996,4,Consumer durables,2627928000000
1996,4,Corporate equities and mutual fund shares,5397002000000
1996,4,DB pension entitlements,5742021000000
1996,4,DC pension entitlements,2416696000000
1996,4,Home mortgages,3538631000000
1996,4,Liabilities,5106468000000
1996,4,Net worth,30480563000000
1996,4,Other assets,6729311000000
1996,4,Other liabilities,293960000000
1996,4,Private businesses,3784966000000
1996,4,Real estate,8889105000000
1997,1,Assets,35847379000000
1997,1,Consumer credit,1254176000000
1997,1,Consumer durables,2657043000000
1997,1,Corporate equities and mutual fund shares,5452182000000
1997,1,DB pension entitlements,5816719000000
1997,1,DC pension entitlements,2438408000000
1997,1,Home mortgages,3573450000000
1997,1,Liabilities,5136843000000
1997,1,Net worth,30710536000000
1997,1,Other assets,6639408000000
1997,1,Other liabilities,309217000000
1997,1,Private businesses,3880029000000
1997,1,Real estate,8963587000000
1997,2,Assets,37264607000000
1997,2,Consumer credit,1278038000000
1997,2,Consumer durables,2666965000000
1997,2,Corporate equities and mutual fund shares,6278383000000
1997,2,DB pension entitlements,5907525000000
1997,2,DC pension entitlements,2675245000000
1997,2,Home mortgages,3624588000000
1997,2,Liabilities,5227024000000
1997,2,Net worth,32037582000000
1997,2,Other assets,6691346000000
1997,2,Other liabilities,324398000000
1997,2,Private businesses,3949973000000
1997,2,Real estate,9095169000000
1997,3,Assets,38338531000000
1997,3,Consumer credit,1305805000000
1997,3,Consumer durables,2689994000000
1997,3,Corporate equities and mutual fund shares,6766763000000
1997,3,DB pension entitlements,5992314000000
1997,3,DC pension entitlements,2865879000000
1997,3,Home mortgages,3709281000000
1997,3,Liabilities,5344016000000
1997,3,Net worth,32994514000000
1997,3,Other assets,6777843000000
1997,3,Other liabilities,328930000000
1997,3,Private businesses,4032418000000
1997,3,Real estate,9213319000000
1997,4,Assets,38956305000000
1997,4,Consumer credit,1344165000000
1997,4,Consumer durables,2717961000000
1997,4,Corporate equities and mutual fund shares,6907999000000
1997,4,DB pension entitlements,6058619000000
1997,4,DC pension entitlements,2866435000000
1997,4,Home mortgages,3746358000000
1997,4,Liabilities,5435068000000
1997,4,Net worth,33521235000000
1997,4,Other assets,6909091000000
1997,4,Other liabilities,344545000000
1997,4,Private businesses,4165910000000
1997,4,Real estate,9330288000000
1998,1,Assets,40611489000000
1998,1,Consumer credit,1324043000000
1998,1,Consumer durables,2740060000000
1998,1,Corporate equities and mutual fund shares,7871125000000
1998,1,DB pension entitlements,6178051000000
1998,1,DC pension entitlements,3117123000000
1998,1,Home mortgages,3801444000000
1998,1,Liabilities,5482663000000
1998,1,Net worth,35128825000000
1998,1,Other assets,6993009000000
1998,1,Other liabilities,357176000000
1998,1,Private businesses,4212449000000
1998,1,Real estate,9499669000000
1998,2,Assets,41429896000000
1998,2,Consumer credit,1367744000000
1998,2,Consumer durables,2767708000000
1998,2,Corporate equities and mutual fund shares,8034699000000
1998,2,DB pension entitlements,6290248000000
1998,2,DC pension entitlements,3154114000000
1998,2,Home mortgages,3879702000000
1998,2,Liabilities,5613743000000
1998,2,Net worth,35816153000000
1998,2,Other assets,7139449000000
1998,2,Other liabilities,366297000000
1998,2,Private businesses,4305633000000
1998,2,Real estate,9738044000000
1998,3,Assets,40919818000000
1998,3,Consumer credit,1400719000000
1998,3,Consumer durables,2796729000000
1998,3,Corporate equities and mutual fund shares,7135289000000
1998,3,DB pension entitlements,6376713000000
1998,3,DC pension entitlements,2947547000000
1998,3,Home mortgages,3956156000000
1998,3,Liabilities,5724139000000
1998,3,Net worth,35195680000000
1998,3,Other assets,7331679000000
1998,3,Other liabilities,367264000000
1998,3,Private businesses,4362605000000
1998,3,Real estate,9969257000000
1998,4,Assets,43075076000000
1998,4,Consumer credit,1441273000000
1998,4,Consumer durables,2833762000000
1998,4,Corporate equities and mutual fund shares,8411348000000
1998,4,DB pension entitlements,6501233000000
1998,4,DC pension entitlements,3310953000000
1998,4,Home mortgages,4048590000000
1998,4,Liabilities,5863685000000
1998,4,Net worth,37211391000000
1998,4,Other assets,7440169000000
1998,4,Other liabilities,373822000000
1998,4,Private businesses,4384800000000
1998,4,Real estate,10192810000000
1999,1,Assets,43474916000000
1999,1,Consumer credit,1442397000000
1999,1,Consumer durables,2861270000000
1999,1,Corporate equities and mutual fund shares,8440220000000
1999,1,DB pension entitlements,6599362000000
1999,1,DC pension entitlements,3395128000000
1999,1,Home mortgages,4127637000000
1999,1,Liabilities,5947405000000
1999,1,Net worth,37527512000000
1999,1,Other assets,7453081000000
1999,1,Other liabilities,377371000000
1999,1,Private businesses,4336518000000
1999,1,Real estate,10389337000000
1999,2,Assets,44704665000000
1999,2,Consumer credit,1471581000000
1999,2,Consumer durables,2904845000000
1999,2,Corporate equities and mutual fund shares,9117110000000
1999,2,DB pension entitlements,6707742000000
1999,2,DC pension entitlements,3550409000000
1999,2,Home mortgages,4223691000000
1999,2,Liabilities,6098063000000
1999,2,Net worth,38606602000000
1999,2,Other assets,7331797000000
1999,2,Other liabilities,402791000000
1999,2,Private businesses,4429277000000
1999,2,Real estate,10663483000000
1999,3,Assets,44770666000000
1999,3,Consumer credit,1511895000000
1999,3,Consumer durables,2950702000000
1999,3,Corporate equities and mutual fund shares,8651098000000
1999,3,DB pension entitlements,6788643000000
1999,3,DC pension entitlements,3448316000000
1999,3,Home mortgages,4341260000000
1999,3,Liabilities,6254214000000
1999,3,Net worth,38516450000000
1999,3,Other assets,7372520000000
1999,3,Other liabilities,401059000000
1999,3,Private businesses,4606217000000
1999,3,Real estate,10953170000000
1999,4,Assets,47393035000000
1999,4,Consumer credit,1553622000000
1999,4,Consumer durables,2991093000000
1999,4,Corporate equities and mutual fund shares,10297442000000
1999,4,DB pension entitlements,6932023000000
1999,4,DC pension entitlements,3772363000000
1999,4,Home mortgages,4424262000000
1999,4,Liabilities,6421448000000
1999,4,Net worth,40971587000000
1999,4,Other assets,7546495000000
1999,4,Other liabilities,443564000000
1999,4,Private businesses,4657614000000
1999,4,Real estate,11196005000000
2000,1,Assets,48580000000000
2000,1,Consumer credit,1553765000000
2000,1,Consumer durables,3047918000000
2000,1,Corporate equities and mutual fund shares,10824462000000
2000,1,DB pension entitlements,7041821000000
2000,1,DC pension entitlements,3909977000000
2000,1,Home mortgages,4486213000000
2000,1,Liabilities,6522215000000
2000,1,Net worth,42057785000000
2000,1,Other assets,7545458000000
2000,1,Other liabilities,482237000000
2000,1,Private businesses,4619765000000
2000,1,Real estate,11590598000000
2000,2,Assets,48711821000000
2000,2,Consumer credit,1601771000000
2000,2,Consumer durables,3104709000000
2000,2,Corporate equities and mutual fund shares,10309147000000
2000,2,DB pension entitlements,7130175000000
2000,2,DC pension entitlements,3863795000000
2000,2,Home mortgages,4598096000000
2000,2,Liabilities,6659955000000
2000,2,Net worth,42051867000000
2000,2,Other assets,7482750000000
2000,2,Other liabilities,460088000000
2000,2,Private businesses,4781667000000
2000,2,Real estate,12039579000000
2000,3,Assets,49445053000000
2000,3,Consumer credit,1667074000000
2000,3,Consumer durables,3148175000000
2000,3,Corporate equities and mutual fund shares,10205642000000
2000,3,DB pension entitlements,7231403000000
2000,3,DC pension entitlements,3908530000000
2000,3,Home mortgages,4710447000000
2000,3,Liabilities,6839496000000
2000,3,Net worth,42605556000000
2000,3,Other assets,7536402000000
2000,3,Other liabilities,461975000000
2000,3,Private businesses,4973557000000
2000,3,Real estate,12441343000000
2000,4,Assets,49014634000000
2000,4,Consumer credit,1741266000000
2000,4,Consumer durables,3201755000000
2000,4,Corporate equities and mutual fund shares,8985195000000
2000,4,DB pension entitlements,7307208000000
2000,4,DC pension entitlements,3748331000000
2000,4,Home mortgages,4805227000000
2000,4,Liabilities,6969083000000
2000,4,Net worth,42045551000000
2000,4,Other assets,7880980000000
2000,4,Other liabilities,422590000000
2000,4,Private businesses,5057068000000
2000,4,Real estate,12834097000000
2001,1,Assets,48903093000000
2001,1,Consumer credit,1749724000000
2001,1,Consumer durables,3246748000000
2001,1,Corporate equities and mutual fund shares,8007575000000
2001,1,DB pension entitlements,7408613000000
2001,1,DC pension entitlements,3479950000000
2001,1,Home mortgages,4889626000000
2001,1,Liabilities,7021765000000
2001,1,Net worth,41881329000000
2001,1,Other assets,8127173000000
2001,1,Other liabilities,382415000000
2001,1,Private businesses,5095298000000
2001,1,Real estate,13537734000000
2001,2,Assets,50349073000000
2001,2,Consumer credit,1784250000000
2001,2,Consumer durables,3278795000000
2001,2,Corporate equities and mutual fund shares,8647907000000
2001,2,DB pension entitlements,7537039000000
2001,2,DC pension entitlements,3612643000000
2001,2,Home mortgages,5050017000000
2001,2,Liabilities,7217260000000
2001,2,Net worth,43131814000000
2001,2,Other assets,8133849000000
2001,2,Other liabilities,382993000000
2001,2,Private businesses,5213476000000
2001,2,Real estate,13925363000000
2001,3,Assets,49578914000000
2001,3,Consumer credit,1814352000000
2001,3,Consumer durables,3311361000000
2001,3,Corporate equities and mutual fund shares,7219687000000
2001,3,DB pension entitlements,7639976000000
2001,3,DC pension entitlements,3332906000000
2001,3,Home mortgages,5197552000000
2001,3,Liabilities,7465876000000
2001,3,Net worth,42113039000000
2001,3,Other assets,8479306000000
2001,3,Other liabilities,453972000000
2001,3,Private businesses,5292383000000
2001,3,Real estate,14303297000000
2001,4,Assets,51216150000000
2001,4,Consumer credit,1891827000000
2001,4,Consumer durables,3364299000000
2001,4,Corporate equities and mutual fund shares,8155769000000
2001,4,DB pension entitlements,7768445000000
2001,4,DC pension entitlements,3496495000000
2001,4,Home mortgages,5311785000000
2001,4,Liabilities,7585557000000
2001,4,Net worth,43630593000000
2001,4,Other assets,8537973000000
2001,4,Other liabilities,381945000000
2001,4,Private businesses,5242716000000
2001,4,Real estate,14650451000000
2002,1,Assets,51973632000000
2002,1,Consumer credit,1883516000000
2002,1,Consumer durables,3398294000000
2002,1,Corporate equities and mutual fund shares,8213383000000
2002,1,DB pension entitlements,7860918000000
2002,1,DC pension entitlements,3608396000000
2002,1,Home mortgages,5448810000000
2002,1,Liabilities,7710655000000
2002,1,Net worth,44262977000000
2002,1,Other assets,8577424000000
2002,1,Other liabilities,378329000000
2002,1,Private businesses,5287397000000
2002,1,Real estate,15027821000000
2002,2,Assets,51588537000000
2002,2,Consumer credit,1917644000000
2002,2,Consumer durables,3442990000000
2002,2,Corporate equities and mutual fund shares,7432721000000
2002,2,DB pension entitlements,7942478000000
2002,2,DC pension entitlements,3378744000000
2002,2,Home mortgages,5625040000000
2002,2,Liabilities,7889580000000
2002,2,Net worth,43698955000000
2002,2,Other assets,8648241000000
2002,2,Other liabilities,346896000000
2002,2,Private businesses,5360734000000
2002,2,Real estate,15382630000000
2002,3,Assets,50700427000000
2002,3,Consumer credit,1951608000000
2002,3,Consumer durables,3490785000000
2002,3,Corporate equities and mutual fund shares,6068395000000
2002,3,DB pension entitlements,8024819000000
2002,3,DC pension entitlements,3125488000000
2002,3,Home mortgages,5819160000000
2002,3,Liabilities,8103493000000
2002,3,Net worth,42596934000000
2002,3,Other assets,8780325000000
2002,3,Other liabilities,332725000000
2002,3,Private businesses,5461606000000
2002,3,Real estate,15749008000000
2002,4,Assets,51792614000000
2002,4,Consumer credit,1997008000000
2002,4,Consumer durables,3526183000000
2002,4,Corporate equities and mutual fund shares,6429467000000
2002,4,DB pension entitlements,8139142000000
2002,4,DC pension entitlements,3270267000000
2002,4,Home mortgages,6016312000000
2002,4,Liabilities,8338375000000
2002,4,Net worth,43454240000000
2002,4,Other assets,8996691000000
2002,4,Other liabilities,325055000000
2002,4,Private businesses,5315063000000
2002,4,Real estate,16115798000000
2003,1,Assets,52153703000000
2003,1,Consumer credit,1989122000000
2003,1,Consumer durables,3549584000000
2003,1,Corporate equities and mutual fund shares,6091016000000
2003,1,DB pension entitlements,8207018000000
2003,1,DC pension entitlements,3293334000000
2003,1,Home mortgages,6187241000000
2003,1,Liabilities,8517161000000
2003,1,Net worth,43636541000000
2003,1,Other assets,9087539000000
2003,1,Other liabilities,340798000000
2003,1,Private businesses,5433940000000
2003,1,Real estate,16491271000000
2003,2,Assets,54356698000000
2003,2,Consumer credit,2021930000000
2003,2,Consumer durables,3586059000000
2003,2,Corporate equities and mutual fund shares,7203816000000
2003,2,DB pension entitlements,8299418000000
2003,2,DC pension entitlements,3604683000000
2003,2,Home mortgages,6448380000000
2003,2,Liabilities,8900927000000
2003,2,Net worth,45455771000000
2003,2,Other assets,9190209000000
2003,2,Other liabilities,430617000000
2003,2,Private businesses,5576575000000
2003,2,Real estate,16895940000000
2003,3,Assets,55496339000000
2003,3,Consumer credit,2059674000000
2003,3,Consumer durables,3630842000000
2003,3,Corporate equities and mutual fund shares,7621946000000
2003,3,DB pension entitlements,8378264000000
2003,3,DC pension entitlements,3691782000000
2003,3,Home mortgages,6690933000000
2003,3,Liabilities,9149868000000
2003,3,Net worth,46346471000000
2003,3,Other assets,9168560000000
2003,3,Other liabilities,399261000000
2003,3,Private businesses,5693065000000
2003,3,Real estate,17311879000000
2003,4,Assets,57560498000000
2003,4,Consumer credit,2102933000000
2003,4,Consumer durables,3677601000000
2003,4,Corporate equities and mutual fund shares,8556349000000
2003,4,DB pension entitlements,8470661000000
2003,4,DC pension entitlements,3986203000000
2003,4,Home mortgages,6895614000000
2003,4,Liabilities,9399939000000
2003,4,Net worth,48160559000000
2003,4,Other assets,9351226000000
2003,4,Other liabilities,401392000000
2003,4,Private businesses,5775753000000
2003,4,Real estate,17742706000000
2004,1,Assets,60129238000000
2004,1,Consumer credit,2096472000000
2004,1,Consumer durables,3737766000000
2004,1,Corporate equities and mutual fund shares,9013370000000
2004,1,DB pension entitlements,8644077000000
2004,1,DC pension entitlements,4068904000000
2004,1,Home mortgages,7068688000000
2004,1,Liabilities,9574873000000
2004,1,Net worth,50554365000000
2004,1,Other assets,10279181000000
2004,1,Other liabilities,409713000000
2004,1,Private businesses,5951947000000
2004,1,Real estate,18433991000000
2004,2,Assets,61216274000000
2004,2,Consumer credit,2114540000000
2004,2,Consumer durables,3795114000000
2004,2,Corporate equities and mutual fund shares,8964725000000
2004,2,DB pension entitlements,8809771000000
2004,2,DC pension entitlements,4122044000000
2004,2,Home mortgages,7341273000000
2004,2,Liabilities,9882355000000
2004,2,Net worth,51333918000000
2004,2,Other assets,10178166000000
2004,2,Other liabilities,426542000000
2004,2,Private businesses,6300856000000
2004,2,Real estate,19045598000000
2004,3,Assets,62617144000000
2004,3,Consumer credit,2164875000000
2004,3,Consumer durables,3827861000000
2004,3,Corporate equities and mutual fund shares,8908923000000
2004,3,DB pension entitlements,8979996000000
2004,3,DC pension entitlements,4143829000000
2004,3,Home mortgages,7579492000000
2004,3,Liabilities,10149077000000
2004,3,Net worth,52468067000000
2004,3,Other assets,10333443000000
2004,3,Other liabilities,404710000000
2004,3,Private businesses,6650018000000
2004,3,Real estate,19773076000000
2004,4,Assets,65136214000000
2004,4,Consumer credit,2220119000000
2004,4,Consumer durables,3898219000000
2004,4,Corporate equities and mutual fund shares,9665200000000
2004,4,DB pension entitlements,9162719000000
2004,4,DC pension entitlements,4449395000000
2004,4,Home mortgages,7840578000000
2004,4,Liabilities,10503207000000
2004,4,Net worth,54633008000000
2004,4,Other assets,10702590000000
2004,4,Other liabilities,442510000000
2004,4,Private businesses,6790561000000
2004,4,Real estate,20467530000000
2005,1,Assets,66176681000000
2005,1,Consumer credit,2204973000000
2005,1,Consumer durables,3955139000000
2005,1,Corporate equities and mutual fund shares,9689585000000
2005,1,DB pension entitlements,9272313000000
2005,1,DC pension entitlements,4446485000000
2005,1,Home mortgages,8068560000000
2005,1,Liabilities,10701621000000
2005,1,Net worth,55475060000000
2005,1,Other assets,10723727000000
2005,1,Other liabilities,428088000000
2005,1,Private businesses,6955394000000
2005,1,Real estate,21134037000000
2005,2,Assets,67962366000000
2005,2,Consumer credit,2232390000000
2005,2,Consumer durables,4018361000000
2005,2,Corporate equities and mutual fund shares,9971681000000
2005,2,DB pension entitlements,9396303000000
2005,2,DC pension entitlements,4581365000000
2005,2,Home mortgages,8352760000000
2005,2,Liabilities,11022136000000
2005,2,Net worth,56940231000000
2005,2,Other assets,10907172000000
2005,2,Other liabilities,436986000000
2005,2,Private businesses,7253190000000
2005,2,Real estate,21834296000000
2005,3,Assets,69882955000000
2005,3,Consumer credit,2278385000000
2005,3,Consumer durables,4057915000000
2005,3,Corporate equities and mutual fund shares,10504119000000
2005,3,DB pension entitlements,9514261000000
2005,3,DC pension entitlements,4755712000000
2005,3,Home mortgages,8641882000000
2005,3,Liabilities,11362377000000
2005,3,Net worth,58520580000000
2005,3,Other assets,10842221000000
2005,3,Other liabilities,442110000000
2005,3,Private businesses,7596695000000
2005,3,Real estate,22612034000000
2005,4,Assets,71498189000000
2005,4,Consumer credit,2320555000000
2005,4,Consumer durables,4106270000000
2005,4,Corporate equities and mutual fund shares,10644929000000
2005,4,DB pension entitlements,9634084000000
2005,4,DC pension entitlements,4911478000000
2005,4,Home mortgages,8902867000000
2005,4,Liabilities,11651339000000
2005,4,Net worth,59846850000000
2005,4,Other assets,11131959000000
2005,4,Other liabilities,427917000000
2005,4,Private businesses,7777807000000
2005,4,Real estate,23291664000000
2006,1,Assets,73670448000000
2006,1,Consumer credit,2337585000000
2006,1,Consumer durables,4160810000000
2006,1,Corporate equities and mutual fund shares,12065174000000
2006,1,DB pension entitlements,9764811000000
2006,1,DC pension entitlements,5059378000000
2006,1,Home mortgages,9206938000000
2006,1,Liabilities,12004816000000
2006,1,Net worth,61665633000000
2006,1,Other assets,11386847000000
2006,1,Other liabilities,460293000000
2006,1,Private businesses,7858795000000
2006,1,Real estate,23374634000000
2006,2,Assets,74161003000000
2006,2,Consumer credit,2349612000000
2006,2,Consumer durables,4209230000000
2006,2,Corporate equities and mutual fund shares,11712618000000
2006,2,DB pension entitlements,9879607000000
2006,2,DC pension entitlements,5048276000000
2006,2,Home mortgages,9512089000000
2006,2,Liabilities,12343544000000
2006,2,Net worth,61817458000000
2006,2,Other assets,11469842000000
2006,2,Other liabilities,481843000000
2006,2,Private businesses,8086934000000
2006,2,Real estate,23754495000000
2006,3,Assets,75475319000000
2006,3,Consumer credit,2411441000000
2006,3,Consumer durables,4258278000000
2006,3,Corporate equities and mutual fund shares,12098615000000
2006,3,DB pension entitlements,10011020000000
2006,3,DC pension entitlements,5194051000000
2006,3,Home mortgages,9748423000000
2006,3,Liabilities,12658397000000
2006,3,Net worth,62816923000000
2006,3,Other assets,11590311000000
2006,3,Other liabilities,498533000000
2006,3,Private businesses,8293320000000
2006,3,Real estate,24029723000000
2006,4,Assets,77091444000000
2006,4,Consumer credit,2456716000000
2006,4,Consumer durables,4298259000000
2006,4,Corporate equities and mutual fund shares,13035790000000
2006,4,DB pension entitlements,10152861000000
2006,4,DC pension entitlements,5418386000000
2006,4,Home mortgages,9899344000000
2006,4,Liabilities,12907325000000
2006,4,Net worth,64184119000000
2006,4,Other assets,11650072000000
2006,4,Other liabilities,551265000000
2006,4,Private businesses,8424908000000
2006,4,Real estate,24111167000000
2007,1,Assets,78122714000000
2007,1,Consumer credit,2440173000000
2007,1,Consumer durables,4344633000000
2007,1,Corporate equities and mutual fund shares,13661630000000
2007,1,DB pension entitlements,10278732000000
2007,1,DC pension entitlements,5504068000000
2007,1,Home mortgages,10097253000000
2007,1,Liabilities,13078809000000
2007,1,Net worth,65043904000000
2007,1,Other assets,12029781000000
2007,1,Other liabilities,541383000000
2007,1,Private businesses,8438570000000
2007,1,Real estate,23865300000000
2007,2,Assets,79019117000000
2007,2,Consumer credit,2476965000000
2007,2,Consumer durables,4391622000000
2007,2,Corporate equities and mutual fund shares,14055737000000
2007,2,DB pension entitlements,10423624000000
2007,2,DC pension entitlements,5744414000000
2007,2,Home mortgages,10295193000000
2007,2,Liabilities,13362414000000
2007,2,Net worth,65656704000000
2007,2,Other assets,12088147000000
2007,2,Other liabilities,590256000000
2007,2,Private businesses,8559806000000
2007,2,Real estate,23755769000000
2007,3,Assets,80013057000000
2007,3,Consumer credit,2555552000000
2007,3,Consumer durables,4427942000000
2007,3,Corporate equities and mutual fund shares,14142364000000
2007,3,DB pension entitlements,10554864000000
2007,3,DC pension entitlements,5855896000000
2007,3,Home mortgages,10472672000000
2007,3,Liabilities,13588405000000
2007,3,Net worth,66424653000000
2007,3,Other assets,12844718000000
2007,3,Other liabilities,560181000000
2007,3,Private businesses,8612446000000
2007,3,Real estate,23574827000000
2007,4,Assets,79442968000000
2007,4,Consumer credit,2609477000000
2007,4,Consumer durables,4474788000000
2007,4,Corporate equities and mutual fund shares,13428498000000
2007,4,DB pension entitlements,10666790000000
2007,4,DC pension entitlements,5783370000000
2007,4,Home mortgages,10577134000000
2007,4,Liabilities,13765368000000
2007,4,Net worth,65677599000000
2007,4,Other assets,13374395000000
2007,4,Other liabilities,578757000000
2007,4,Private businesses,8471114000000
2007,4,Real estate,23244013000000
2008,1,Assets,77639648000000
2008,1,Consumer credit,2602008000000
2008,1,Consumer durables,4523378000000
2008,1,Corporate equities and mutual fund shares,12381383000000
2008,1,DB pension entitlements,10760811000000
2008,1,DC pension entitlements,5480162000000
2008,1,Home mortgages,10650122000000
2008,1,Liabilities,13890831000000
2008,1,Net worth,63748816000000
2008,1,Other assets,13961998000000
2008,1,Other liabilities,638701000000
2008,1,Private businesses,7973739000000
2008,1,Real estate,22558176000000
2008,2,Assets,76543244000000
2008,2,Consumer credit,2620452000000
2008,2,Consumer durables,4548742000000
2008,2,Corporate equities and mutual fund shares,11902353000000
2008,2,DB pension entitlements,10878219000000
2008,2,DC pension entitlements,5454743000000
2008,2,Home mortgages,10639283000000
2008,2,Liabilities,13826366000000
2008,2,Net worth,62716879000000
2008,2,Other assets,13906062000000
2008,2,Other liabilities,566631000000
2008,2,Private businesses,7853580000000
2008,2,Real estate,21999545000000
2008,3,Assets,74405955000000
2008,3,Consumer credit,2643812000000
2008,3,Consumer durables,4577734000000
2008,3,Corporate equities and mutual fund shares,10397889000000
2008,3,DB pension entitlements,10974777000000
2008,3,DC pension entitlements,5108940000000
2008,3,Home mortgages,10611842000000
2008,3,Liabilities,13959393000000
2008,3,Net worth,60446561000000
2008,3,Other assets,14320255000000
2008,3,Other liabilities,703739000000
2008,3,Private businesses,7584949000000
2008,3,Real estate,21441412000000
2008,4,Assets,71149064000000
2008,4,Consumer credit,2643789000000
2008,4,Consumer durables,4566247000000
2008,4,Corporate equities and mutual fund shares,8106763000000
2008,4,DB pension entitlements,11036652000000
2008,4,DC pension entitlements,4494490000000
2008,4,Home mortgages,10540067000000
2008,4,Liabilities,13680994000000
2008,4,Net worth,57468072000000
2008,4,Other assets,14897592000000
2008,4,Other liabilities,497138000000
2008,4,Private businesses,7151696000000
2008,4,Real estate,20895625000000
2009,1,Assets,69297209000000
2009,1,Consumer credit,2578141000000
2009,1,Consumer durables,4552057000000
2009,1,Corporate equities and mutual fund shares,7217231000000
2009,1,DB pension entitlements,11064980000000
2009,1,DC pension entitlements,4346019000000
2009,1,Home mortgages,10546587000000
2009,1,Liabilities,13580771000000
2009,1,Net worth,55716438000000
2009,1,Other assets,15012846000000
2009,1,Other liabilities,456043000000
2009,1,Private businesses,6736764000000
2009,1,Real estate,20367313000000
2009,2,Assets,69929110000000
2009,2,Consumer credit,2548873000000
2009,2,Consumer durables,4548516000000
2009,2,Corporate equities and mutual fund shares,8773997000000
2009,2,DB pension entitlements,11153341000000
2009,2,DC pension entitlements,4773688000000
2009,2,Home mortgages,10511574000000
2009,2,Liabilities,13541126000000
2009,2,Net worth,56387983000000
2009,2,Other assets,14521014000000
2009,2,Other liabilities,480679000000
2009,2,Private businesses,6213770000000
2009,2,Real estate,19944787000000
2009,3,Assets,71653600000000
2009,3,Consumer credit,2558710000000
2009,3,Consumer durables,4531267000000
2009,3,Corporate equities and mutual fund shares,10364543000000
2009,3,DB pension entitlements,11247666000000
2009,3,DC pension entitlements,5236337000000
2009,3,Home mortgages,10453427000000
2009,3,Liabilities,13524843000000
2009,3,Net worth,58128758000000
2009,3,Other assets,14566637000000
2009,3,Other liabilities,512706000000
2009,3,Private businesses,6069744000000
2009,3,Real estate,19637406000000
2009,4,Assets,71836742000000
2009,4,Consumer credit,2555017000000
2009,4,Consumer durables,4560133000000
2009,4,Corporate equities and mutual fund shares,10659322000000
2009,4,DB pension entitlements,11317112000000
2009,4,DC pension entitlements,5434503000000
2009,4,Home mortgages,10406753000000
2009,4,Liabilities,13507121000000
2009,4,Net worth,58329619000000
2009,4,Other assets,14573403000000
2009,4,Other liabilities,545351000000
2009,4,Private businesses,5875001000000
2009,4,Real estate,19417266000000
2010,1,Assets,72868916000000
2010,1,Consumer credit,2493057000000
2010,1,Consumer durables,4550802000000
2010,1,Corporate equities and mutual fund shares,11266723000000
2010,1,DB pension entitlements,11542266000000
2010,1,DC pension entitlements,5635610000000
2010,1,Home mortgages,10275462000000
2010,1,Liabilities,13406711000000
2010,1,Net worth,59462204000000
2010,1,Other assets,14585722000000
2010,1,Other liabilities,638192000000
2010,1,Private businesses,5973264000000
2010,1,Real estate,19314526000000
2010,2,Assets,72119789000000
2010,2,Consumer credit,2478454000000
2010,2,Consumer durables,4530911000000
2010,2,Corporate equities and mutual fund shares,10290590000000
2010,2,DB pension entitlements,11725612000000
2010,2,DC pension entitlements,5404972000000
2010,2,Home mortgages,10212855000000
2010,2,Liabilities,13352637000000
2010,2,Net worth,58767152000000
2010,2,Other assets,14625686000000
2010,2,Other liabilities,661328000000
2010,2,Private businesses,6307372000000
2010,2,Real estate,19234646000000
2010,3,Assets,74045527000000
2010,3,Consumer credit,2503725000000
2010,3,Consumer durables,4520365000000
2010,3,Corporate equities and mutual fund shares,11536797000000
2010,3,DB pension entitlements,11971871000000
2010,3,DC pension entitlements,5801756000000
2010,3,Home mortgages,10131755000000
2010,3,Liabilities,13288212000000
2010,3,Net worth,60757315000000
2010,3,Other assets,14661589000000
2010,3,Other liabilities,652732000000
2010,3,Private businesses,6462559000000
2010,3,Real estate,19090590000000
2010,4,Assets,75651112000000
2010,4,Consumer credit,2646811000000
2010,4,Consumer durables,4535502000000
2010,4,Corporate equities and mutual fund shares,12532947000000
2010,4,DB pension entitlements,12211793000000
2010,4,DC pension entitlements,6125513000000
2010,4,Home mortgages,9957898000000
2010,4,Liabilities,13279034000000
2010,4,Net worth,62372077000000
2010,4,Other assets,14861038000000
2010,4,Other liabilities,674325000000
2010,4,Private businesses,6563175000000
2010,4,Real estate,18821143000000
2011,1,Assets,76670029000000
2011,1,Consumer credit,2628309000000
2011,1,Consumer durables,4568263000000
2011,1,Corporate equities and mutual fund shares,13405090000000
2011,1,DB pension entitlements,12315465000000
2011,1,DC pension entitlements,6327648000000
2011,1,Home mortgages,9920127000000
2011,1,Liabilities,13247916000000
2011,1,Net worth,63422114000000
2011,1,Other assets,14957337000000
2011,1,Other liabilities,699480000000
2011,1,Private businesses,6606264000000
2011,1,Real estate,18489962000000
2011,2,Assets,77045057000000
2011,2,Consumer credit,2653077000000
2011,2,Consumer durables,4609075000000
2011,2,Corporate equities and mutual fund shares,13356072000000
2011,2,DB pension entitlements,12409449000000
2011,2,DC pension entitlements,6360646000000
2011,2,Home mortgages,9860669000000
2011,2,Liabilities,13196353000000
2011,2,Net worth,63848703000000
2011,2,Other assets,15267145000000
2011,2,Other liabilities,682607000000
2011,2,Private businesses,6663606000000
2011,2,Real estate,18379064000000
2011,3,Assets,75177364000000
2011,3,Consumer credit,2702174000000
2011,3,Consumer durables,4630630000000
2011,3,Corporate equities and mutual fund shares,11350799000000
2011,3,DB pension entitlements,12446459000000
2011,3,DC pension entitlements,5899037000000
2011,3,Home mortgages,9808394000000
2011,3,Liabilities,13185033000000
2011,3,Net worth,61992333000000
2011,3,Other assets,15791988000000
2011,3,Other liabilities,674465000000
2011,3,Private businesses,6767018000000
2011,3,Real estate,18291437000000
2011,4,Assets,76485772000000
2011,4,Consumer credit,2756225000000
2011,4,Consumer durables,4644653000000
2011,4,Corporate equities and mutual fund shares,12068619000000
2011,4,DB pension entitlements,12568826000000
2011,4,DC pension entitlements,6168475000000
2011,4,Home mortgages,9754938000000
2011,4,Liabilities,13170149000000
2011,4,Net worth,63315624000000
2011,4,Other assets,15992308000000
2011,4,Other liabilities,658986000000
2011,4,Private businesses,6916924000000
2011,4,Real estate,18125967000000
2012,1,Assets,78332970000000
2012,1,Consumer credit,2745041000000
2012,1,Consumer durables,4678916000000
2012,1,Corporate equities and mutual fund shares,13554836000000
2012,1,DB pension entitlements,12710226000000
2012,1,DC pension entitlements,6598027000000
2012,1,Home mortgages,9687960000000
2012,1,Liabilities,13109815000000
2012,1,Net worth,65223154000000
2012,1,Other assets,15925916000000
2012,1,Other liabilities,676814000000
2012,1,Private businesses,6928143000000
2012,1,Real estate,17936908000000
2012,2,Assets,78368618000000
2012,2,Consumer credit,2790468000000
2012,2,Consumer durables,4688965000000
2012,2,Corporate equities and mutual fund shares,13124122000000
2012,2,DB pension entitlements,12783607000000
2012,2,DC pension entitlements,6481211000000
2012,2,Home mortgages,9621830000000
2012,2,Liabilities,13081801000000
2012,2,Net worth,65286817000000
2012,2,Other assets,16074583000000
2012,2,Other liabilities,669503000000
2012,2,Private businesses,7094130000000
2012,2,Real estate,18122002000000
2012,3,Assets,80162322000000
2012,3,Consumer credit,2850453000000
2012,3,Consumer durables,4700607000000
2012,3,Corporate equities and mutual fund shares,13905169000000
2012,3,DB pension entitlements,12898734000000
2012,3,DC pension entitlements,6719752000000
2012,3,Home mortgages,9565632000000
2012,3,Liabilities,13089305000000
2012,3,Net worth,67073015000000
2012,3,Other assets,16251051000000
2012,3,Other liabilities,673220000000
2012,3,Private businesses,7327225000000
2012,3,Real estate,18359783000000
2012,4,Assets,81029370000000
2012,4,Consumer credit,2912906000000
2012,4,Consumer durables,4727439000000
2012,4,Corporate equities and mutual fund shares,14027614000000
2012,4,DB pension entitlements,12995569000000
2012,4,DC pension entitlements,6779701000000
2012,4,Home mortgages,9506993000000
2012,4,Liabilities,13061175000000
2012,4,Net worth,67968197000000
2012,4,Other assets,16513253000000
2012,4,Other liabilities,641276000000
2012,4,Private businesses,7451916000000
2012,4,Real estate,18533877000000
2013,1,Assets,83718559000000
2013,1,Consumer credit,2913772000000
2013,1,Consumer durables,4753090000000
2013,1,Corporate equities and mutual fund shares,15702162000000
2013,1,DB pension entitlements,13373025000000
2013,1,DC pension entitlements,7115942000000
2013,1,Home mortgages,9452899000000
2013,1,Liabilities,13027565000000
2013,1,Net worth,70690995000000
2013,1,Other assets,16279907000000
2013,1,Other liabilities,660894000000
2013,1,Private businesses,7551860000000
2013,1,Real estate,18942574000000
2013,2,Assets,84802001000000
2013,2,Consumer credit,2960193000000
2013,2,Consumer durables,4756820000000
2013,2,Corporate equities and mutual fund shares,15916048000000
2013,2,DB pension entitlements,13718100000000
2013,2,DC pension entitlements,7172987000000
2013,2,Home mortgages,9414598000000
2013,2,Liabilities,13052390000000
2013,2,Net worth,71749611000000
2013,2,Other assets,15879059000000
2013,2,Other liabilities,677599000000
2013,2,Private businesses,7919310000000
2013,2,Real estate,19439677000000
2013,3,Assets,87196569000000
2013,3,Consumer credit,3030298000000
2013,3,Consumer durables,4766462000000
2013,3,Corporate equities and mutual fund shares,16741456000000
2013,3,DB pension entitlements,14089362000000
2013,3,DC pension entitlements,7474548000000
2013,3,Home mortgages,9419206000000
2013,3,Liabilities,13110357000000
2013,3,Net worth,74086212000000
2013,3,Other assets,15904277000000
2013,3,Other liabilities,660853000000
2013,3,Private businesses,8267397000000
2013,3,Real estate,19953067000000
2013,4,Assets,89462773000000
2013,4,Consumer credit,3090467000000
2013,4,Consumer durables,4777333000000
2013,4,Corporate equities and mutual fund shares,17744476000000
2013,4,DB pension entitlements,14465894000000
2013,4,DC pension entitlements,7856950000000
2013,4,Home mortgages,9395044000000
2013,4,Liabilities,13283870000000
2013,4,Net worth,76178904000000
2013,4,Other assets,15926242000000
2013,4,Other liabilities,798359000000
2013,4,Private businesses,8404091000000
2013,4,Real estate,20287786000000
2014,1,Assets,91148536000000
2014,1,Consumer credit,3096814000000
2014,1,Consumer durables,4779068000000
2014,1,Corporate equities and mutual fund shares,18663751000000
2014,1,DB pension entitlements,14581292000000
2014,1,DC pension entitlements,7953906000000
2014,1,Home mortgages,9349466000000
2014,1,Liabilities,13267751000000
2014,1,Net worth,77880784000000
2014,1,Other assets,16207815000000
2014,1,Other liabilities,821471000000
2014,1,Private businesses,8381647000000
2014,1,Real estate,20581056000000
2014,2,Assets,93264393000000
2014,2,Consumer credit,3164002000000
2014,2,Consumer durables,4797544000000
2014,2,Corporate equities and mutual fund shares,19651623000000
2014,2,DB pension entitlements,14706072000000
2014,2,DC pension entitlements,8155004000000
2014,2,Home mortgages,9333885000000
2014,2,Liabilities,13331127000000
2014,2,Net worth,79933266000000
2014,2,Other assets,16299155000000
2014,2,Other liabilities,833240000000
2014,2,Private businesses,8648674000000
2014,2,Real estate,21006322000000
2014,3,Assets,93847892000000
2014,3,Consumer credit,3242945000000
2014,3,Consumer durables,4833528000000
2014,3,Corporate equities and mutual fund shares,19300186000000
2014,3,DB pension entitlements,14803084000000
2014,3,DC pension entitlements,8096978000000
2014,3,Home mortgages,9339355000000
2014,3,Liabilities,13317461000000
2014,3,Net worth,80530431000000
2014,3,Other assets,16502550000000
2014,3,Other liabilities,735161000000
2014,3,Private businesses,8915864000000
2014,3,Real estate,21395703000000
2014,4,Assets,95329490000000
2014,4,Consumer credit,3309540000000
2014,4,Consumer durables,4851759000000
2014,4,Corporate equities and mutual fund shares,19968766000000
2014,4,DB pension entitlements,14920960000000
2014,4,DC pension entitlements,8231773000000
2014,4,Home mortgages,9341508000000
2014,4,Liabilities,13375777000000
2014,4,Net worth,81953715000000
2014,4,Other assets,16573179000000
2014,4,Other liabilities,724729000000
2014,4,Private businesses,9137336000000
2014,4,Real estate,21645718000000
2015,1,Assets,96818471000000
2015,1,Consumer credit,3307103000000
2015,1,Consumer durables,4872340000000
2015,1,Corporate equities and mutual fund shares,20380713000000
2015,1,DB pension entitlements,15024201000000
2015,1,DC pension entitlements,8346852000000
2015,1,Home mortgages,9300938000000
2015,1,Liabilities,13344498000000
2015,1,Net worth,83473974000000
2015,1,Other assets,16906508000000
2015,1,Other liabilities,736457000000
2015,1,Private businesses,9315194000000
2015,1,Real estate,21972663000000
2015,2,Assets,97704008000000
2015,2,Consumer credit,3377742000000
2015,2,Consumer durables,4935086000000
2015,2,Corporate equities and mutual fund shares,20448159000000
2015,2,DB pension entitlements,15112204000000
2015,2,DC pension entitlements,8346873000000
2015,2,Home mortgages,9336611000000
2015,2,Liabilities,13468963000000
2015,2,Net worth,84235044000000
2015,2,Other assets,16830627000000
2015,2,Other liabilities,754610000000
2015,2,Private businesses,9614505000000
2015,2,Real estate,22416553000000
2015,3,Assets,96868834000000
2015,3,Consumer credit,3463066000000
2015,3,Consumer durables,4963696000000
2015,3,Corporate equities and mutual fund shares,18824087000000
2015,3,DB pension entitlements,15164828000000
2015,3,DC pension entitlements,7992002000000
2015,3,Home mortgages,9378336000000
2015,3,Liabilities,13585472000000
2015,3,Net worth,83283361000000
2015,3,Other assets,17282479000000
2015,3,Other liabilities,744070000000
2015,3,Private businesses,9787250000000
2015,3,Real estate,22854492000000
2015,4,Assets,98352874000000
2015,4,Consumer credit,3400230000000
2015,4,Consumer durables,4990626000000
2015,4,Corporate equities and mutual fund shares,19540253000000
2015,4,DB pension entitlements,15274074000000
2015,4,DC pension entitlements,8210795000000
2015,4,Home mortgages,9435806000000
2015,4,Liabilities,13586128000000
2015,4,Net worth,84766746000000
2015,4,Other assets,17339567000000
2015,4,Other liabilities,750092000000
2015,4,Private businesses,9817249000000
2015,4,Real estate,23180310000000
2016,1,Assets,99496119000000
2016,1,Consumer credit,3412236000000
2016,1,Consumer durables,5037243000000
2016,1,Corporate equities and mutual fund shares,19830522000000
2016,1,DB pension entitlements,15367528000000
2016,1,DC pension entitlements,8312907000000
2016,1,Home mortgages,9432081000000
2016,1,Liabilities,13597072000000
2016,1,Net worth,85899046000000
2016,1,Other assets,17752899000000
2016,1,Other liabilities,752755000000
2016,1,Private businesses,9733622000000
2016,1,Real estate,23461397000000
2016,2,Assets,101177870000000
2016,2,Consumer credit,3476793000000
2016,2,Consumer durables,5091723000000
2016,2,Corporate equities and mutual fund shares,20384606000000
2016,2,DB pension entitlements,15469454000000
2016,2,DC pension entitlements,8454286000000
2016,2,Home mortgages,9477858000000
2016,2,Liabilities,13720232000000
2016,2,Net worth,87457637000000
2016,2,Other assets,17811325000000
2016,2,Other liabilities,765581000000
2016,2,Private businesses,9970453000000
2016,2,Real estate,23996022000000
2016,3,Assets,102892953000000
2016,3,Consumer credit,3561590000000
2016,3,Consumer durables,5111191000000
2016,3,Corporate equities and mutual fund shares,20996017000000
2016,3,DB pension entitlements,15579734000000
2016,3,DC pension entitlements,8683917000000
2016,3,Home mortgages,9543348000000
2016,3,Liabilities,13883390000000
2016,3,Net worth,89009564000000
2016,3,Other assets,17844034000000
2016,3,Other liabilities,778452000000
2016,3,Private businesses,10175426000000
2016,3,Real estate,24502635000000
2016,4,Assets,103588163000000
2016,4,Consumer credit,3636437000000
2016,4,Consumer durables,5136728000000
2016,4,Corporate equities and mutual fund shares,21203070000000
2016,4,DB pension entitlements,15662770000000
2016,4,DC pension entitlements,8709284000000
2016,4,Home mortgages,9591930000000
2016,4,Liabilities,13980368000000
2016,4,Net worth,89607796000000
2016,4,Other assets,17789859000000
2016,4,Other liabilities,752001000000
2016,4,Private businesses,10183576000000
2016,4,Real estate,24902875000000
2017,1,Assets,105960262000000
2017,1,Consumer credit,3630423000000
2017,1,Consumer durables,5185202000000
2017,1,Corporate equities and mutual fund shares,22430166000000
2017,1,DB pension entitlements,15781591000000
2017,1,DC pension entitlements,9048770000000
2017,1,Home mortgages,9636529000000
2017,1,Liabilities,14032844000000
2017,1,Net worth,91927418000000
2017,1,Other assets,18008939000000
2017,1,Other liabilities,765892000000
2017,1,Private businesses,10186776000000
2017,1,Real estate,25318820000000
2017,2,Assets,108007008000000
2017,2,Consumer credit,3682709000000
2017,2,Consumer durables,5206070000000
2017,2,Corporate equities and mutual fund shares,23116482000000
2017,2,DB pension entitlements,15891271000000
2017,2,DC pension entitlements,9272220000000
2017,2,Home mortgages,9702561000000
2017,2,Liabilities,14179422000000
2017,2,Net worth,93827585000000
2017,2,Other assets,17996734000000
2017,2,Other liabilities,794152000000
2017,2,Private businesses,10685099000000
2017,2,Real estate,25839134000000
2017,3,Assets,109781551000000
2017,3,Consumer credit,3749183000000
2017,3,Consumer durables,5216153000000
2017,3,Corporate equities and mutual fund shares,23876399000000
2017,3,DB pension entitlements,16000934000000
2017,3,DC pension entitlements,9544938000000
2017,3,Home mortgages,9782801000000
2017,3,Liabilities,14326664000000
2017,3,Net worth,95454887000000
2017,3,Other assets,18027132000000
2017,3,Other liabilities,794680000000
2017,3,Private businesses,10770118000000
2017,3,Real estate,26345876000000
2017,4,Assets,112400949000000
2017,4,Consumer credit,3830784000000
2017,4,Consumer durables,5267636000000
2017,4,Corporate equities and mutual fund shares,25195220000000
2017,4,DB pension entitlements,16114268000000
2017,4,DC pension entitlements,9860423000000
2017,4,Home mortgages,9852345000000
2017,4,Liabilities,14513972000000
2017,4,Net worth,97886976000000
2017,4,Other assets,18244411000000
2017,4,Other liabilities,830843000000
2017,4,Private businesses,10972456000000
2017,4,Real estate,26746537000000
2018,1,Assets,113495759000000
2018,1,Consumer credit,3819876000000
2018,1,Consumer durables,5328880000000
2018,1,Corporate equities and mutual fund shares,25122191000000
2018,1,DB pension entitlements,16208763000000
2018,1,DC pension entitlements,9800193000000
2018,1,Home mortgages,9888690000000
2018,1,Liabilities,14563484000000
2018,1,Net worth,98932274000000
2018,1,Other assets,18588886000000
2018,1,Other liabilities,854918000000
2018,1,Private businesses,11077439000000
2018,1,Real estate,27369406000000
2018,2,Assets,114858323000000
2018,2,Consumer credit,3858174000000
2018,2,Consumer durables,5380900000000
2018,2,Corporate equities and mutual fund shares,25521826000000
2018,2,DB pension entitlements,16315269000000
2018,2,DC pension entitlements,9926929000000
2018,2,Home mortgages,9966852000000
2018,2,Liabilities,14689555000000
2018,2,Net worth,100168769000000
2018,2,Other assets,18705681000000
2018,2,Other liabilities,864529000000
2018,2,Private businesses,11245523000000
2018,2,Real estate,27762196000000
2018,3,Assets,117059648000000
2018,3,Consumer credit,3934565000000
2018,3,Consumer durables,5417717000000
2018,3,Corporate equities and mutual fund shares,26639332000000
2018,3,DB pension entitlements,16437535000000
2018,3,DC pension entitlements,10194327000000
2018,3,Home mortgages,10059020000000
2018,3,Liabilities,14859776000000
2018,3,Net worth,102199872000000
2018,3,Other assets,18809510000000
2018,3,Other liabilities,866191000000
2018,3,Private businesses,11360303000000
2018,3,Real estate,28200924000000
2018,4,Assets,112836935000000
2018,4,Consumer credit,4007042000000
2018,4,Consumer durables,5471604000000
2018,4,Corporate equities and mutual fund shares,23078629000000
2018,4,DB pension entitlements,16486678000000
2018,4,DC pension entitlements,9363833000000
2018,4,Home mortgages,10121618000000
2018,4,Liabilities,14992343000000
2018,4,Net worth,97844593000000
2018,4,Other assets,19338818000000
2018,4,Other liabilities,863683000000
2018,4,Private businesses,11346527000000
2018,4,Real estate,27750844000000
2019,1,Assets,118062531000000
2019,1,Consumer credit,3994469000000
2019,1,Consumer durables,5547932000000
2019,1,Corporate equities and mutual fund shares,26617487000000
2019,1,DB pension entitlements,16676217000000
2019,1,DC pension entitlements,10095759000000
2019,1,Home mortgages,10146936000000
2019,1,Liabilities,14979771000000
2019,1,Net worth,103082759000000
2019,1,Other assets,19918127000000
2019,1,Other liabilities,838366000000
2019,1,Private businesses,11527043000000
2019,1,Real estate,27679965000000
2019,2,Assets,120889372000000
2019,2,Consumer credit,4052107000000
2019,2,Consumer durables,5586596000000
2019,2,Corporate equities and mutual fund shares,27461520000000
2019,2,DB pension entitlements,16833675000000
2019,2,DC pension entitlements,10376723000000
2019,2,Home mortgages,10230964000000
2019,2,Liabilities,15139504000000
2019,2,Net worth,105749868000000
2019,2,Other assets,20020072000000
2019,2,Other liabilities,856433000000
2019,2,Private businesses,11908726000000
2019,2,Real estate,28702059000000
2019,3,Assets,121444434000000
2019,3,Consumer credit,4124148000000
2019,3,Consumer durables,5624722000000
2019,3,Corporate equities and mutual fund shares,27286629000000
2019,3,DB pension entitlements,16981883000000
2019,3,DC pension entitlements,10461490000000
2019,3,Home mortgages,10321977000000
2019,3,Liabilities,15299398000000
2019,3,Net worth,106145037000000
2019,3,Other assets,20323784000000
2019,3,Other liabilities,853273000000
2019,3,Private businesses,12036847000000
2019,3,Real estate,28729078000000
2019,4,Assets,124411388000000
2019,4,Consumer credit,4192190000000
2019,4,Consumer durables,5671343000000
2019,4,Corporate equities and mutual fund shares,29255093000000
2019,4,DB pension entitlements,17162724000000
2019,4,DC pension entitlements,10912781000000
2019,4,Home mortgages,10391319000000
2019,4,Liabilities,15449677000000
2019,4,Net worth,108961710000000
2019,4,Other assets,20773190000000
2019,4,Other liabilities,866168000000
2019,4,Private businesses,12064413000000
2019,4,Real estate,28571843000000
2020,1,Assets,118455457000000
2020,1,Consumer credit,4113119000000
2020,1,Consumer durables,5709537000000
2020,1,Corporate equities and mutual fund shares,22511415000000
2020,1,DB pension entitlements,17155669000000
2020,1,DC pension entitlements,9642754000000
2020,1,Home mortgages,10433092000000
2020,1,Liabilities,15464912000000
2020,1,Net worth,102990545000000
2020,1,Other assets,21704399000000
2020,1,Other liabilities,918701000000
2020,1,Private businesses,12221469000000
2020,1,Real estate,29510214000000
2020,2,Assets,125946570000000
2020,2,Consumer credit,4062465000000
2020,2,Consumer durables,5700616000000
2020,2,Corporate equities and mutual fund shares,27312426000000
2020,2,DB pension entitlements,17277725000000
2020,2,DC pension entitlements,10778363000000
2020,2,Home mortgages,10500569000000
2020,2,Liabilities,15457728000000
2020,2,Net worth,110488843000000
2020,2,Other assets,22511875000000
2020,2,Other liabilities,894694000000
2020,2,Private businesses,12302911000000
2020,2,Real estate,30062654000000
2020,3,Assets,130811407000000
2020,3,Consumer credit,4107620000000
2020,3,Consumer durables,5869632000000
2020,3,Corporate equities and mutual fund shares,29832028000000
2020,3,DB pension entitlements,17365521000000
2020,3,DC pension entitlements,11319639000000
2020,3,Home mortgages,10651618000000
2020,3,Liabilities,15701119000000
2020,3,Net worth,115110289000000
2020,3,Other assets,22514762000000
2020,3,Other liabilities,941881000000
2020,3,Private businesses,12673685000000
2020,3,Real estate,31236141000000
2020,4,Assets,139108344000000
2020,4,Consumer credit,4149027000000
2020,4,Consumer durables,6022274000000
2020,4,Corporate equities and mutual fund shares,34738220000000
2020,4,DB pension entitlements,17579044000000
2020,4,DC pension entitlements,12200367000000
2020,4,Home mortgages,10783195000000
2020,4,Liabilities,15957426000000
2020,4,Net worth,123150918000000
2020,4,Other assets,23269051000000
2020,4,Other liabilities,1025204000000
2020,4,Private businesses,13012241000000
2020,4,Real estate,32287148000000
2021,1,Assets,144802880000000
2021,1,Consumer credit,4132490000000
2021,1,Consumer durables,6155218000000
2021,1,Corporate equities and mutual fund shares,37632715000000
2021,1,DB pension entitlements,17713457000000
2021,1,DC pension entitlements,12468265000000
2021,1,Home mortgages,10892406000000
2021,1,Liabilities,16107276000000
2021,1,Net worth,128695602000000
2021,1,Other assets,23602583000000
2021,1,Other liabilities,1082380000000
2021,1,Private businesses,13324798000000
2021,1,Real estate,33905843000000
2021,2,Assets,152799345000000
2021,2,Consumer credit,4350228000000
2021,2,Consumer durables,6492962000000
2021,2,Corporate equities and mutual fund shares,40782352000000
2021,2,DB pension entitlements,17877634000000
2021,2,DC pension entitlements,13043136000000
2021,2,Home mortgages,11352693000000
2021,2,Liabilities,16807016000000
2021,2,Net worth,135992327000000
2021,2,Other assets,23668135000000
2021,2,Other liabilities,1104095000000
2021,2,Private businesses,14098260000000
2021,2,Real estate,36836868000000
2021,3,Assets,156417107000000
2021,3,Consumer credit,4425093000000
2021,3,Consumer durables,6737180000000
2021,3,Corporate equities and mutual fund shares,41277857000000
2021,3,DB pension entitlements,17976107000000
2021,3,DC pension entitlements,13011708000000
2021,3,Home mortgages,11575735000000
2021,3,Liabilities,17137444000000
2021,3,Net worth,139279663000000
2021,3,Other assets,23976365000000
2021,3,Other liabilities,1136616000000
2021,3,Private businesses,14894098000000
2021,3,Real estate,38543794000000
2021,4,Assets,160757044000000
2021,4,Consumer credit,4512720000000
2021,4,Consumer durables,6995956000000
2021,4,Corporate equities and mutual fund shares,43292640000000
2021,4,DB pension entitlements,18165118000000
2021,4,DC pension entitlements,13458503000000
2021,4,Home mortgages,11814490000000
2021,4,Liabilities,17505532000000
2021,4,Net worth,143251512000000
2021,4,Other assets,24305328000000
2021,4,Other liabilities,1178322000000
2021,4,Private businesses,15351542000000
2021,4,Real estate,39187956000000
2022,1,Assets,161679689000000
2022,1,Consumer credit,4542220000000
2022,1,Consumer durables,7277834000000
2022,1,Corporate equities and mutual fund shares,41223190000000
2022,1,DB pension entitlements,17803212000000
2022,1,DC pension entitlements,12823938000000
2022,1,Home mortgages,12043988000000
2022,1,Liabilities,17777420000000
2022,1,Net worth,143902269000000
2022,1,Other assets,24821918000000
2022,1,Other liabilities,1191212000000
2022,1,Private businesses,15763999000000
2022,1,Real estate,41965596000000
2022,2,Assets,156213701000000
2022,2,Consumer credit,4659126000000
2022,2,Consumer durables,7413998000000
2022,2,Corporate equities and mutual fund shares,34240006000000
2022,2,DB pension entitlements,17372229000000
2022,2,DC pension entitlements,11529332000000
2022,2,Home mortgages,12305715000000
2022,2,Liabilities,18123715000000
2022,2,Net worth,138089985000000
2022,2,Other assets,24972972000000
2022,2,Other liabilities,1158874000000
2022,2,Private businesses,16425705000000
2022,2,Real estate,44259457000000
2022,3,Assets,152897108000000
2022,3,Consumer credit,4754287000000
2022,3,Consumer durables,7571491000000
2022,3,Corporate equities and mutual fund shares,32534036000000
2022,3,DB pension entitlements,17075416000000
2022,3,DC pension entitlements,11055081000000
2022,3,Home mortgages,12510189000000
2022,3,Liabilities,18426702000000
2022,3,Net worth,134470404000000
2022,3,Other assets,25361733000000
2022,3,Other liabilities,1162226000000
2022,3,Private businesses,16377891000000
2022,3,Real estate,42921457000000
2022,4,Assets,154104075000000
2022,4,Consumer credit,4858440000000
2022,4,Consumer durables,7639315000000
2022,4,Corporate equities and mutual fund shares,34192273000000
2022,4,DB pension entitlements,16834235000000
2022,4,DC pension entitlements,11479186000000
2022,4,Home mortgages,12654092000000
2022,4,Liabilities,18616276000000
2022,4,Net worth,135487801000000
2022,4,Other assets,26046822000000
2022,4,Other liabilities,1103744000000
2022,4,Private businesses,15956393000000
2022,4,Real estate,41955851000000
2023,1,Assets,157639396000000
2023,1,Consumer credit,4851986000000
2023,1,Consumer durables,7735347000000
2023,1,Corporate equities and mutual fund shares,36279344000000
2023,1,DB pension entitlements,16990619000000
2023,1,DC pension entitlements,12044757000000
2023,1,Home mortgages,12710664000000
2023,1,Liabilities,18633177000000
2023,1,Net worth,139006220000000
2023,1,Other assets,26654674000000
2023,1,Other liabilities,1070527000000
2023,1,Private businesses,15725111000000
2023,1,Real estate,42209545000000
2023,2,Assets,163432885000000
2023,2,Consumer credit,4906673000000
2023,2,Consumer durables,7827846000000
2023,2,Corporate equities and mutual fund shares,38379343000000
2023,2,DB pension entitlements,17140745000000
2023,2,DC pension entitlements,12576779000000
2023,2,Home mortgages,12805697000000
2023,2,Liabilities,18784615000000
2023,2,Net worth,144648272000000
2023,2,Other assets,26763588000000
2023,2,Other liabilities,1072245000000
2023,2,Private businesses,16030496000000
2023,2,Real estate,44714088000000
2023,3,Assets,162435472000000
2023,3,Consumer credit,4927944000000
2023,3,Consumer durables,7831374000000
2023,3,Corporate equities and mutual fund shares,37006173000000
2023,3,DB pension entitlements,16956583000000
2023,3,DC pension entitlements,12573119000000
2023,3,Home mortgages,12925684000000
2023,3,Liabilities,18949112000000
2023,3,Net worth,143486359000000
2023,3,Other assets,26818676000000
2023,3,Other liabilities,1095484000000
2023,3,Private businesses,16048977000000
2023,3,Real estate,45200568000000
2023,4,Assets,166890806000000
2023,4,Consumer credit,4988225000000
2023,4,Consumer durables,7856571000000
2023,4,Corporate equities and mutual fund shares,40521858000000
2023,4,DB pension entitlements,17430069000000
2023,4,DC pension entitlements,13201994000000
2023,4,Home mortgages,13017059000000
2023,4,Liabilities,19100675000000
2023,4,Net worth,147790129000000
2023,4,Other assets,27490366000000
2023,4,Other liabilities,1095391000000
2023,4,Private businesses,15593398000000
2023,4,Real estate,44796549000000
2024,1,Assets,172538609000000
2024,1,Consumer credit,4956363000000
2024,1,Consumer durables,7935559000000
2024,1,Corporate equities and mutual fund shares,44029077000000
2024,1,DB pension entitlements,17570437000000
2024,1,DC pension entitlements,13911671000000
2024,1,Home mortgages,13055603000000
2024,1,Liabilities,19155895000000
2024,1,Net worth,153382717000000
2024,1,Other assets,27774955000000
2024,1,Other liabilities,1143929000000
2024,1,Private businesses,15445433000000
2024,1,Real estate,45871479000000
2024,2,Assets,175595675000000
2024,2,Consumer credit,4980854000000
2024,2,Consumer durables,7968069000000
2024,2,Corporate equities and mutual fund shares,44830463000000
2024,2,DB pension entitlements,17656901000000
2024,2,DC pension entitlements,14137704000000
2024,2,Home mortgages,13161657000000
2024,2,Liabilities,19299240000000
2024,2,Net worth,156296435000000
2024,2,Other assets,27761876000000
2024,2,Other liabilities,1156729000000
2024,2,Private businesses,15642300000000
2024,2,Real estate,47598362000000
2024,3,Assets,179843751000000
2024,3,Consumer credit,5027764000000
2024,3,Consumer durables,8013382000000
2024,3,Corporate equities and mutual fund shares,47897663000000
2024,3,DB pension entitlements,17796301000000
2024,3,DC pension entitlements,14739008000000
2024,3,Home mortgages,13270162000000
2024,3,Liabilities,19450176000000
2024,3,Net worth,160393573000000
2024,3,Other assets,28347495000000
2024,3,Other liabilities,1152250000000
2024,3,Private businesses,15734393000000
2024,3,Real estate,47315509000000
2024,4,Assets,180474590000000
2024,4,Consumer credit,4948061000000
2024,4,Consumer durables,8111190000000
2024,4,Corporate equities and mutual fund shares,48369976000000
2024,4,DB pension entitlements,17936658000000
2024,4,DC pension entitlements,14684032000000
2024,4,Home mortgages,13381165000000
2024,4,Liabilities,19387552000000
2024,4,Net worth,161087039000000
2024,4,Other assets,28607346000000
2024,4,Other liabilities,1058326000000
2024,4,Private businesses,15837092000000
2024,4,Real estate,46928297000000
2025,1,Assets,179682507000000
2025,1,Consumer credit,4963372000000
2025,1,Consumer durables,8241123000000
2025,1,Corporate equities and mutual fund shares,46804124000000
2025,1,DB pension entitlements,17982819000000
2025,1,DC pension entitlements,14376789000000
2025,1,Home mortgages,13433761000000
2025,1,Liabilities,19386025000000
2025,1,Net worth,160296482000000
2025,1,Other assets,29014728000000
2025,1,Other liabilities,988892000000
2025,1,Private businesses,15772373000000
2025,1,Real estate,47490552000000
2025,2,Assets,186715591000000
2025,2,Consumer credit,4996306000000
2025,2,Consumer durables,8416937000000
2025,2,Corporate equities and mutual fund shares,51170106000000
2025,2,DB pension entitlements,18105234000000
2025,2,DC pension entitlements,15320219000000
2025,2,Home mortgages,13550581000000
2025,2,Liabilities,19531645000000
2025,2,Net worth,167183949000000
2025,2,Other assets,29313042000000
2025,2,Other liabilities,984758000000
2025,2,Private businesses,15752113000000
2025,2,Real estate,48637941000000
2025,3,Assets,192887178000000
2025,3,Consumer credit,5042267000000
2025,3,Consumer durables,8533989000000
2025,3,Corporate equities and mutual fund shares,56180470000000
2025,3,DB pension entitlements,18216241000000
2025,3,DC pension entitlements,16052403000000
2025,3,Home mortgages,13667847000000
2025,3,Liabilities,19742512000000
2025,3,Net worth,173144665000000
2025,3,Other assets,29618417000000
2025,3,Other liabilities,1032398000000
2025,3,Private businesses,16015790000000
2025,3,Real estate,48269869000000
2025,4,Assets,195209942000000
2025,4,Consumer credit,5106630000000
2025,4,Consumer durables,8653546000000
2025,4,Corporate equities and mutual fund shares,57673841000000
2025,4,DB pension entitlements,18381730000000
2025,4,DC pension entitlements,16209874000000
2025,4,Home mortgages,13767144000000
2025,4,Liabilities,19955095000000
2025,4,Net worth,175254847000000
2025,4,Other assets,30374204000000
2025,4,Other liabilities,1081321000000
2025,4,Private businesses,16001131000000
2025,4,Real estate,47915616000000
